schema	mutant	status	platforms	command	failing_test	observed_failure	base_commit	working_source_sha256
eyes4s-eyelink-mutation-receipts-v1	swap-left-and-right-eyes	killed	JVM+Scala.js	sbt -Dsbt.supershell=false 'ioJVM/testOnly eyes4s.io.EyeLinkAscMutationSuite'; sbt -Dsbt.supershell=false 'ioJS/testOnly eyes4s.io.EyeLinkAscMutationSuite'	mutant swap-left-and-right-eyes: binocular source columns retain eye identity	left position obtained 70,80; expected 10,20 at EyeLinkAscMutationSuite.scala:100	44b014581412243e8354021bfbb08961090df91f	6fb2073204b5e61cb5767e08da213e1eab5b0ea8e64354edf4651ed86eeb6c68
eyes4s-eyelink-mutation-receipts-v1	ignore-START-configuration	killed	JVM+Scala.js	sbt -Dsbt.supershell=false 'ioJVM/testOnly eyes4s.io.EyeLinkAscMutationSuite'; sbt -Dsbt.supershell=false 'ioJS/testOnly eyes4s.io.EyeLinkAscMutationSuite'	mutant ignore-START-configuration: declarations and contradictions remain explicit	START eye obtained None; expected Left at EyeLinkAscMutationSuite.scala:128	44b014581412243e8354021bfbb08961090df91f	6fb2073204b5e61cb5767e08da213e1eab5b0ea8e64354edf4651ed86eeb6c68
eyes4s-eyelink-mutation-receipts-v1	reuse-prior-block-layout	killed	JVM+Scala.js	sbt -Dsbt.supershell=false 'ioJVM/testOnly eyes4s.io.EyeLinkAscMutationSuite'; sbt -Dsbt.supershell=false 'ioJS/testOnly eyes4s.io.EyeLinkAscMutationSuite'	mutant reuse-prior-block-layout: each START resets configuration state	second-block pre-configuration row lacked SampleConfigurationMissing at EyeLinkAscMutationSuite.scala:165	44b014581412243e8354021bfbb08961090df91f	6fb2073204b5e61cb5767e08da213e1eab5b0ea8e64354edf4651ed86eeb6c68
eyes4s-eyelink-mutation-receipts-v1	drop-MSG	killed	JVM+Scala.js	sbt -Dsbt.supershell=false 'ioJVM/testOnly eyes4s.io.EyeLinkAscMutationSuite'; sbt -Dsbt.supershell=false 'ioJS/testOnly eyes4s.io.EyeLinkAscMutationSuite'	mutant drop-MSG: every message is emitted exactly once with its payload	message count obtained 0; expected 2 at EyeLinkAscMutationSuite.scala:187	44b014581412243e8354021bfbb08961090df91f	6fb2073204b5e61cb5767e08da213e1eab5b0ea8e64354edf4651ed86eeb6c68
eyes4s-eyelink-mutation-receipts-v1	ignore-message-offset	killed	JVM+Scala.js	sbt -Dsbt.supershell=false 'ioJVM/testOnly eyes4s.io.EyeLinkAscMutationSuite'; sbt -Dsbt.supershell=false 'ioJS/testOnly eyes4s.io.EyeLinkAscMutationSuite'	mutant ignore-message-offset: effective tracker time applies the signed offset	effective time obtained 100; expected 95 at EyeLinkAscMutationSuite.scala:202	44b014581412243e8354021bfbb08961090df91f	6fb2073204b5e61cb5767e08da213e1eab5b0ea8e64354edf4651ed86eeb6c68
eyes4s-eyelink-mutation-receipts-v1	map-dot-gaze-to-zero	killed	JVM+Scala.js	sbt -Dsbt.supershell=false 'ioJVM/testOnly eyes4s.io.EyeLinkAscMutationSuite'; sbt -Dsbt.supershell=false 'ioJS/testOnly eyes4s.io.EyeLinkAscMutationSuite'	mutant map-dot-gaze-to-zero: native dot coordinates remain MissingDot	position obtained Values(0,0); expected MissingDot at EyeLinkAscMutationSuite.scala:221	44b014581412243e8354021bfbb08961090df91f	6fb2073204b5e61cb5767e08da213e1eab5b0ea8e64354edf4651ed86eeb6c68
eyes4s-eyelink-mutation-receipts-v1	classify-all-missing-as-Blink	killed	JVM+Scala.js	sbt -Dsbt.supershell=false 'ioJVM/testOnly eyes4s.io.EyeLinkAscMutationSuite'; sbt -Dsbt.supershell=false 'ioJS/testOnly eyes4s.io.EyeLinkAscMutationSuite'	mutant classify-all-missing-as-Blink: unconfirmed dot gaze materializes as Lost	gaze obtained Blink; expected Lost at EyeLinkAscMutationSuite.scala:240	44b014581412243e8354021bfbb08961090df91f	6fb2073204b5e61cb5767e08da213e1eab5b0ea8e64354edf4651ed86eeb6c68
eyes4s-eyelink-mutation-receipts-v1	accept-HREF-as-pixels	killed	JVM+Scala.js	sbt -Dsbt.supershell=false 'ioJVM/testOnly eyes4s.io.EyeLinkAscMutationSuite'; sbt -Dsbt.supershell=false 'ioJS/testOnly eyes4s.io.EyeLinkAscMutationSuite'	mutant accept-HREF-as-pixels: HREF stays native and cannot become a pixel recording	trusted assembly obtained Right; expected named UnsupportedCoordinateMode failure at EyeLinkAscMutationSuite.scala:262	44b014581412243e8354021bfbb08961090df91f	6fb2073204b5e61cb5767e08da213e1eab5b0ea8e64354edf4651ed86eeb6c68
eyes4s-eyelink-mutation-receipts-v1	discard-unknown-record	killed	JVM+Scala.js	sbt -Dsbt.supershell=false 'ioJVM/testOnly eyes4s.io.EyeLinkAscMutationSuite'; sbt -Dsbt.supershell=false 'ioJS/testOnly eyes4s.io.EyeLinkAscMutationSuite'	mutant discard-unknown-record: unknown source rows and diagnostics remain inspectable	unknown count obtained 0; expected 1 at EyeLinkAscMutationSuite.scala:293	44b014581412243e8354021bfbb08961090df91f	6fb2073204b5e61cb5767e08da213e1eab5b0ea8e64354edf4651ed86eeb6c68
eyes4s-eyelink-mutation-receipts-v1	omit-final-block	killed	JVM+Scala.js	sbt -Dsbt.supershell=false 'ioJVM/testOnly eyes4s.io.EyeLinkAscMutationSuite'; sbt -Dsbt.supershell=false 'ioJS/testOnly eyes4s.io.EyeLinkAscMutationSuite'	mutant omit-final-block: EOF flush emits and diagnoses the open block	EOF closure count obtained 0; expected 1 at EyeLinkAscMutationSuite.scala:320	44b014581412243e8354021bfbb08961090df91f	6fb2073204b5e61cb5767e08da213e1eab5b0ea8e64354edf4651ed86eeb6c68
eyes4s-eyelink-mutation-receipts-v1	lose-converter-provenance	killed	JVM+Scala.js	sbt -Dsbt.supershell=false 'ioJVM/testOnly eyes4s.io.EyeLinkAscMutationSuite'; sbt -Dsbt.supershell=false 'ioJS/testOnly eyes4s.io.EyeLinkAscMutationSuite'	mutant lose-converter-provenance: trusted and raw artifacts retain the full receipt	conversion origin obtained Unidentified; expected Converted receipt at EyeLinkAscMutationSuite.scala:381	44b014581412243e8354021bfbb08961090df91f	6fb2073204b5e61cb5767e08da213e1eab5b0ea8e64354edf4651ed86eeb6c68
