schema	fixture	input_sha256	canonical_sha256	facts
eyes4s-eyelink-parity-v1	text-decoding	cdfe402f72c80dd10fbf01277e7b234a9a6ec852db170aa197ddff501c41918d	0549c768532eebbfa0c5cc37972b8262468e1f20b0f3687cd562136fdc817bbe	195
eyes4s-eyelink-parity-v1	decimal-negative-zero	0410e7597ec09927154ce984f67a99a6003585499fafb603c4ba82a4a830cc31	37de2cb9dffbfd6a8ad9c32c1c22c23d8001ad7bcf58bf81a3ba5e11581675d0	344
eyes4s-eyelink-parity-v1	newline-handling	eb9cf30ee73c6b421205ecf040f281cb0c3b86bc2fa956b1b5a9ca82c108e21b	f972b96f9c978adc57e764916c2a2b98471fdb1dbdf12322eb83b6b5f5275f59	202
eyes4s-eyelink-parity-v1	long-integer-time	4a0a214afde6fffaa353f1f23d6703d058bb4f948fc6c3438e4abeae96dce6f0	ae623a9dcbf9404c01578d13b722d3cc00075f9a57070bdc144c7740736042f4	202
eyes4s-eyelink-parity-v1	simultaneous-ordering	1332921e058bf2402a37e104dc82fde9e3457f3d5ccb3b7cf2a971015c13c52c	144cc357aff21b80a07cc3d7dd22e247226e50bbe709cff6416dbea98cd1261a	228
eyes4s-eyelink-parity-v1	synthetic-binocular-remote-2000	284d4ad51b6d42a0c51cca867a88f786c8b6ff0140a0de0268fb3e2e559421d8	fee9a3132d2a0dedd0e3323fa090f138f15fb8ad792a450f420ce93a8e219d19	213
eyes4s-eyelink-parity-v1	synthetic-events-messages	6d79ac7455ccaaeaf414059253d9dc252dc0368c6211af5bed11fdfb248f0d77	6a4bffed45a48916cd338a1f5ecf181f0b7ceb5970623c6c1ec0c1020526be4a	705
eyes4s-eyelink-parity-v1	synthetic-failsafe-corrupt	8672021b7b82dfd5839d171a29251e8fcf0af69d7cc108d2688bd81e3681d414	cfd40a9062725fafcd17363789cc34c87cc8071ba361b540340b6f1bc43cdd22	403
eyes4s-eyelink-parity-v1	synthetic-left-headfixed-1000	94f2d62d176d8d26559b54cd61d3df605c01764485055636f4ddff76548282c6	4a6e454a91ca77244b1774ff9d80cdf27f6482cf65c9ccb140aad17f6c2b80e6	277
eyes4s-eyelink-parity-v1	synthetic-multiblock	37888b1eac961fd1634ac623e5a1d6a37c4c3b96dd93fdf42b6f5c56418e0ad7	44c7835f7acd7b4b18a6a8633799af81ce6e51023b0ff38bbee5a2f19e7226c3	546
eyes4s-eyelink-parity-v1	synthetic-right-headfixed-500	9975faafede13328c50d815d9f92d66dc6e42afb6b2a862e3add5c58b66d956b	d7e162c2ca08d753df23d53662348d520d12b5286c5df3f22d581553fd16942d	208
