participant,image,phase,fixation,x_px,y_px,onset_us,duration_us,sample_count
s1,a,encode,0,0.5,0.5,0,100000,100
s1,a,encode,1,1.5,0.5,110000,200000,200
s1,a,encode,2,0.5,1.5,320000,200000,200
s1,a,encode,3,1.5,1.5,530000,400000,400
s1,b,encode,0,0.5,0.5,0,400000,400
s1,b,encode,1,1.5,0.5,410000,200000,200
s1,b,encode,2,0.5,1.5,620000,200000,200
s1,b,encode,3,1.5,1.5,830000,100000,100
s1,c,encode,0,0.5,0.5,0,200000,200
s1,c,encode,1,1.5,0.5,210000,400000,400
s1,c,encode,2,0.5,1.5,620000,100000,100
s1,c,encode,3,1.5,1.5,730000,200000,200
s2,a,encode,0,0.5,0.5,0,200000,200
s2,a,encode,1,1.5,0.5,210000,100000,100
s2,a,encode,2,0.5,1.5,320000,400000,400
s2,a,encode,3,1.5,1.5,730000,200000,200
s2,b,encode,0,0.5,0.5,0,100000,100
s2,b,encode,1,1.5,0.5,110000,400000,400
s2,b,encode,2,0.5,1.5,520000,200000,200
s2,b,encode,3,1.5,1.5,730000,200000,200
s2,c,encode,0,0.5,0.5,0,400000,400
s2,c,encode,1,1.5,0.5,410000,100000,100
s2,c,encode,2,0.5,1.5,520000,200000,200
s2,c,encode,3,1.5,1.5,730000,200000,200
s1,a,recall,0,0.5,0.5,0,100000,100
s1,a,recall,1,1.5,0.5,110000,200000,200
s1,a,recall,2,0.5,1.5,320000,200000,200
s1,a,recall,3,1.5,1.5,530000,400000,400
s1,b,recall,0,0.5,0.5,0,200000,200
s1,b,recall,1,1.5,0.5,210000,400000,400
s1,b,recall,2,0.5,1.5,620000,100000,100
s1,b,recall,3,1.5,1.5,730000,200000,200
s1,c,recall,0,0.5,0.5,0,400000,400
s1,c,recall,1,1.5,0.5,410000,200000,200
s1,c,recall,2,0.5,1.5,620000,200000,200
s1,c,recall,3,1.5,1.5,830000,100000,100
s2,a,recall,0,0.5,0.5,0,400000,400
s2,a,recall,1,1.5,0.5,410000,100000,100
s2,a,recall,2,0.5,1.5,520000,200000,200
s2,a,recall,3,1.5,1.5,730000,200000,200
s2,b,recall,0,0.5,0.5,0,100000,100
s2,b,recall,1,1.5,0.5,110000,400000,400
s2,b,recall,2,0.5,1.5,520000,200000,200
s2,b,recall,3,1.5,1.5,730000,200000,200
s2,c,recall,0,0.5,0.5,0,200000,200
s2,c,recall,1,1.5,0.5,210000,100000,100
s2,c,recall,2,0.5,1.5,320000,400000,400
s2,c,recall,3,1.5,1.5,730000,200000,200
s1,a,retest,0,1.5,0.5,0,100000,100
s1,a,retest,1,1.5,1.5,110000,200000,200
s1,a,retest,2,0.5,0.5,320000,200000,200
s1,a,retest,3,0.5,1.5,530000,400000,400
s1,b,retest,0,1.5,0.5,0,200000,200
s1,b,retest,1,1.5,1.5,210000,400000,400
s1,b,retest,2,0.5,0.5,620000,100000,100
s1,b,retest,3,0.5,1.5,730000,200000,200
s1,c,retest,0,1.5,0.5,0,400000,400
s1,c,retest,1,1.5,1.5,410000,200000,200
s1,c,retest,2,0.5,0.5,620000,200000,200
s1,c,retest,3,0.5,1.5,830000,100000,100
s2,a,retest,0,1.5,0.5,0,400000,400
s2,a,retest,1,1.5,1.5,410000,100000,100
s2,a,retest,2,0.5,0.5,520000,200000,200
s2,a,retest,3,0.5,1.5,730000,200000,200
s2,b,retest,0,1.5,0.5,0,100000,100
s2,b,retest,1,1.5,1.5,110000,400000,400
s2,b,retest,2,0.5,0.5,520000,200000,200
s2,b,retest,3,0.5,1.5,730000,200000,200
s2,c,retest,0,1.5,0.5,0,200000,200
s2,c,retest,1,1.5,1.5,210000,100000,100
s2,c,retest,2,0.5,0.5,320000,400000,400
s2,c,retest,3,0.5,1.5,730000,200000,200
