participant,phase,trial,occurrence,item,display_kind,image_file,response
P01,Encoding,enc_01,1,beach-007,image,beach-007.png,
P01,Encoding,enc_02,1,street-118,image,street-118.png,
P01,Encoding,enc_03,1,dog-229,image,dog-229.png,
P01,Encoding,enc_04,1,tower-340,image,tower-340.png,
P01,Encoding,enc_05,1,desert-451,image,desert-451.png,
P01,Encoding,enc_06,1,field-562,image,field-562.png,
P01,Encoding,enc_07,1,canyon-673,image,canyon-673.png,
P01,Encoding,enc_08,1,forest-044,image,forest-044.png,
P01,Encoding,enc_09,1,garden-155,image,garden-155.png,
P01,Encoding,enc_10,1,bridge-266,image,bridge-266.png,
P01,Encoding,enc_11,1,harbor-377,image,harbor-377.png,
P01,Encoding,enc_12,1,church-488,image,church-488.png,
P01,Encoding,enc_13,1,cafe-599,image,cafe-599.png,
P01,Encoding,enc_14,1,bakery-710,image,bakery-710.png,
P01,Encoding,enc_15,1,kitchen-081,image,kitchen-081.png,
P01,Encoding,enc_16,1,office-192,image,office-192.png,
P01,Encoding,enc_17,1,market-303,image,market-303.png,
P01,Encoding,enc_18,1,library-414,image,library-414.png,
P01,Encoding,enc_19,1,station-525,image,station-525.png,
P01,Encoding,enc_20,1,museum-636,image,museum-636.png,
P01,Retrieval,ret_01,1,beach-007,blank+fixation-cross,,Remembered
P01,Retrieval,ret_02,1,forest-044,blank+fixation-cross,,Remembered
P01,Retrieval,ret_03,1,kitchen-081,blank+fixation-cross,,Remembered
P01,Retrieval,ret_04,1,street-118,blank+fixation-cross,,Forgotten
P01,Retrieval,ret_05,1,garden-155,blank+fixation-cross,,Remembered
P01,Retrieval,ret_06,1,office-192,blank+fixation-cross,,Forgotten
P01,Retrieval,ret_07,1,dog-229,blank+fixation-cross,,Forgotten
P01,Retrieval,ret_08,1,bridge-266,blank+fixation-cross,,Remembered
P01,Retrieval,ret_09,1,market-303,blank+fixation-cross,,Remembered
P01,Retrieval,ret_10,1,tower-340,blank+fixation-cross,,Forgotten
P01,Retrieval,ret_11,1,harbor-377,blank+fixation-cross,,Remembered
P01,Retrieval,ret_12,1,library-414,blank+fixation-cross,,Remembered
P01,Retrieval,ret_13,1,desert-451,blank+fixation-cross,,Remembered
P01,Retrieval,ret_14,1,church-488,blank+fixation-cross,,Forgotten
P01,Retrieval,ret_15,1,station-525,blank+fixation-cross,,Forgotten
P01,Retrieval,ret_16,1,field-562,blank+fixation-cross,,Remembered
P01,Retrieval,ret_17,1,cafe-599,blank+fixation-cross,,Remembered
P01,Retrieval,ret_18,1,museum-636,blank+fixation-cross,,Forgotten
P01,Retrieval,ret_19,1,canyon-673,blank+fixation-cross,,Remembered
P01,Retrieval,ret_20,1,bakery-710,blank+fixation-cross,,Forgotten
P02,Encoding,enc_01,1,harbor-377,image,harbor-377.png,
P02,Encoding,enc_02,1,church-488,image,church-488.png,
P02,Encoding,enc_03,1,cafe-599,image,cafe-599.png,
P02,Encoding,enc_04,1,bakery-710,image,bakery-710.png,
P02,Encoding,enc_05,1,alley-821,image,alley-821.png,
P02,Encoding,enc_06,1,forest-032,image,forest-032.png,
P02,Encoding,enc_07,1,garden-143,image,garden-143.png,
P02,Encoding,enc_08,1,library-414,image,library-414.png,
P02,Encoding,enc_09,1,station-525,image,station-525.png,
P02,Encoding,enc_10,1,museum-636,image,museum-636.png,
P02,Encoding,enc_11,1,stadium-747,image,stadium-747.png,
P02,Encoding,enc_12,1,farm-858,image,farm-858.png,
P02,Encoding,enc_13,1,kitchen-069,image,kitchen-069.png,
P02,Encoding,enc_14,1,office-180,image,office-180.png,
P02,Encoding,enc_15,1,desert-451,image,desert-451.png,
P02,Encoding,enc_16,1,field-562,image,field-562.png,
P02,Encoding,enc_17,1,canyon-673,image,canyon-673.png,
P02,Encoding,enc_18,1,lake-784,image,lake-784.png,
P02,Encoding,enc_19,1,beach-895,image,beach-895.png,
P02,Encoding,enc_20,1,street-106,image,street-106.png,
P02,Retrieval,ret_01,1,harbor-377,blank+fixation-cross,,Forgotten
P02,Retrieval,ret_02,1,library-414,blank+fixation-cross,,Remembered
P02,Retrieval,ret_03,1,desert-451,blank+fixation-cross,,Forgotten
P02,Retrieval,ret_04,1,church-488,blank+fixation-cross,,Remembered
P02,Retrieval,ret_05,1,station-525,blank+fixation-cross,,Remembered
P02,Retrieval,ret_06,1,field-562,blank+fixation-cross,,Remembered
P02,Retrieval,ret_07,1,cafe-599,blank+fixation-cross,,Remembered
P02,Retrieval,ret_08,1,museum-636,blank+fixation-cross,,Remembered
P02,Retrieval,ret_09,1,canyon-673,blank+fixation-cross,,Remembered
P02,Retrieval,ret_10,1,bakery-710,blank+fixation-cross,,Remembered
P02,Retrieval,ret_11,1,stadium-747,blank+fixation-cross,,Forgotten
P02,Retrieval,ret_12,1,lake-784,blank+fixation-cross,,Remembered
P02,Retrieval,ret_13,1,alley-821,blank+fixation-cross,,Remembered
P02,Retrieval,ret_14,1,farm-858,blank+fixation-cross,,Remembered
P02,Retrieval,ret_15,1,beach-895,blank+fixation-cross,,Remembered
P02,Retrieval,ret_16,1,forest-032,blank+fixation-cross,,Forgotten
P02,Retrieval,ret_17,1,kitchen-069,blank+fixation-cross,,Remembered
P02,Retrieval,ret_18,1,street-106,blank+fixation-cross,,Forgotten
P02,Retrieval,ret_19,1,garden-143,blank+fixation-cross,,Forgotten
P02,Retrieval,ret_20,1,office-180,blank+fixation-cross,,Remembered
P03,Encoding,enc_01,1,stadium-747,image,stadium-747.png,
P03,Encoding,enc_02,1,farm-858,image,farm-858.png,
P03,Encoding,enc_03,1,kitchen-069,image,kitchen-069.png,
P03,Encoding,enc_04,1,office-180,image,office-180.png,
P03,Encoding,enc_05,1,market-291,image,market-291.png,
P03,Encoding,enc_06,1,library-402,image,library-402.png,
P03,Encoding,enc_07,1,station-513,image,station-513.png,
P03,Encoding,enc_08,1,lake-784,image,lake-784.png,
P03,Encoding,enc_09,1,beach-895,image,beach-895.png,
P03,Encoding,enc_10,1,street-106,image,street-106.png,
P03,Encoding,enc_11,1,dog-217,image,dog-217.png,
P03,Encoding,enc_12,1,tower-328,image,tower-328.png,
P03,Encoding,enc_13,1,desert-439,image,desert-439.png,
P03,Encoding,enc_14,1,field-550,image,field-550.png,
P03,Encoding,enc_15,1,alley-821,image,alley-821.png,
P03,Encoding,enc_16,1,forest-032,image,forest-032.png,
P03,Encoding,enc_17,1,garden-143,image,garden-143.png,
P03,Encoding,enc_18,1,bridge-254,image,bridge-254.png,
P03,Encoding,enc_19,1,harbor-365,image,harbor-365.png,
P03,Encoding,enc_20,1,church-476,image,church-476.png,
P03,Retrieval,ret_01,1,stadium-747,blank+fixation-cross,,Remembered
P03,Retrieval,ret_02,1,lake-784,blank+fixation-cross,,Remembered
P03,Retrieval,ret_03,1,alley-821,blank+fixation-cross,,Remembered
P03,Retrieval,ret_04,1,farm-858,blank+fixation-cross,,Remembered
P03,Retrieval,ret_05,1,beach-895,blank+fixation-cross,,Remembered
P03,Retrieval,ret_06,1,forest-032,blank+fixation-cross,,Forgotten
P03,Retrieval,ret_07,1,kitchen-069,blank+fixation-cross,,Remembered
P03,Retrieval,ret_08,1,street-106,blank+fixation-cross,,Remembered
P03,Retrieval,ret_09,1,garden-143,blank+fixation-cross,,Remembered
P03,Retrieval,ret_10,1,office-180,blank+fixation-cross,,Remembered
P03,Retrieval,ret_11,1,dog-217,blank+fixation-cross,,Remembered
P03,Retrieval,ret_12,1,bridge-254,blank+fixation-cross,,Remembered
P03,Retrieval,ret_13,1,market-291,blank+fixation-cross,,Forgotten
P03,Retrieval,ret_14,1,tower-328,blank+fixation-cross,,Remembered
P03,Retrieval,ret_15,1,harbor-365,blank+fixation-cross,,Forgotten
P03,Retrieval,ret_16,1,library-402,blank+fixation-cross,,Remembered
P03,Retrieval,ret_17,1,desert-439,blank+fixation-cross,,Remembered
P03,Retrieval,ret_18,1,church-476,blank+fixation-cross,,Forgotten
P03,Retrieval,ret_19,1,station-513,blank+fixation-cross,,Remembered
P03,Retrieval,ret_20,1,field-550,blank+fixation-cross,,Remembered
P04,Encoding,enc_01,1,dog-217,image,dog-217.png,
P04,Encoding,enc_02,1,tower-328,image,tower-328.png,
P04,Encoding,enc_03,1,desert-439,image,desert-439.png,
P04,Encoding,enc_04,1,field-550,image,field-550.png,
P04,Encoding,enc_05,1,canyon-661,image,canyon-661.png,
P04,Encoding,enc_06,1,lake-772,image,lake-772.png,
P04,Encoding,enc_07,1,beach-883,image,beach-883.png,
P04,Encoding,enc_08,1,bridge-254,image,bridge-254.png,
P04,Encoding,enc_09,1,harbor-365,image,harbor-365.png,
P04,Encoding,enc_10,1,church-476,image,church-476.png,
P04,Encoding,enc_11,1,cafe-587,image,cafe-587.png,
P04,Encoding,enc_12,1,bakery-698,image,bakery-698.png,
P04,Encoding,enc_13,1,alley-809,image,alley-809.png,
P04,Encoding,enc_14,1,forest-020,image,forest-020.png,
P04,Encoding,enc_15,1,market-291,image,market-291.png,
P04,Encoding,enc_16,1,library-402,image,library-402.png,
P04,Encoding,enc_17,1,station-513,image,station-513.png,
P04,Encoding,enc_18,1,museum-624,image,museum-624.png,
P04,Encoding,enc_19,1,stadium-735,image,stadium-735.png,
P04,Encoding,enc_20,1,farm-846,image,farm-846.png,
P04,Retrieval,ret_01,1,dog-217,blank+fixation-cross,,Remembered
P04,Retrieval,ret_02,1,bridge-254,blank+fixation-cross,,Remembered
P04,Retrieval,ret_03,1,market-291,blank+fixation-cross,,Remembered
P04,Retrieval,ret_04,1,tower-328,blank+fixation-cross,,Forgotten
P04,Retrieval,ret_05,1,harbor-365,blank+fixation-cross,,Remembered
P04,Retrieval,ret_06,1,library-402,blank+fixation-cross,,Forgotten
P04,Retrieval,ret_07,1,desert-439,blank+fixation-cross,,Remembered
P04,Retrieval,ret_08,1,church-476,blank+fixation-cross,,Forgotten
P04,Retrieval,ret_09,1,station-513,blank+fixation-cross,,Remembered
P04,Retrieval,ret_10,1,field-550,blank+fixation-cross,,Forgotten
P04,Retrieval,ret_11,1,cafe-587,blank+fixation-cross,,Forgotten
P04,Retrieval,ret_12,1,museum-624,blank+fixation-cross,,Remembered
P04,Retrieval,ret_13,1,canyon-661,blank+fixation-cross,,Forgotten
P04,Retrieval,ret_14,1,bakery-698,blank+fixation-cross,,Remembered
P04,Retrieval,ret_15,1,stadium-735,blank+fixation-cross,,Remembered
P04,Retrieval,ret_16,1,lake-772,blank+fixation-cross,,Remembered
P04,Retrieval,ret_17,1,alley-809,blank+fixation-cross,,Forgotten
P04,Retrieval,ret_18,1,farm-846,blank+fixation-cross,,Remembered
P04,Retrieval,ret_19,1,beach-883,blank+fixation-cross,,Remembered
P04,Retrieval,ret_20,1,forest-020,blank+fixation-cross,,Remembered
P05,Encoding,enc_01,1,cafe-587,image,cafe-587.png,
P05,Encoding,enc_02,1,bakery-698,image,bakery-698.png,
P05,Encoding,enc_03,1,alley-809,image,alley-809.png,
P05,Encoding,enc_04,1,forest-020,image,forest-020.png,
P05,Encoding,enc_05,1,garden-131,image,garden-131.png,
P05,Encoding,enc_06,1,bridge-242,image,bridge-242.png,
P05,Encoding,enc_07,1,harbor-353,image,harbor-353.png,
P05,Encoding,enc_08,1,museum-624,image,museum-624.png,
P05,Encoding,enc_09,1,stadium-735,image,stadium-735.png,
P05,Encoding,enc_10,1,farm-846,image,farm-846.png,
P05,Encoding,enc_11,1,kitchen-057,image,kitchen-057.png,
P05,Encoding,enc_12,1,office-168,image,office-168.png,
P05,Encoding,enc_13,1,market-279,image,market-279.png,
P05,Encoding,enc_14,1,library-390,image,library-390.png,
P05,Encoding,enc_15,1,canyon-661,image,canyon-661.png,
P05,Encoding,enc_16,1,lake-772,image,lake-772.png,
P05,Encoding,enc_17,1,beach-883,image,beach-883.png,
P05,Encoding,enc_18,1,street-094,image,street-094.png,
P05,Encoding,enc_19,1,dog-205,image,dog-205.png,
P05,Encoding,enc_20,1,tower-316,image,tower-316.png,
P05,Retrieval,ret_01,1,cafe-587,blank+fixation-cross,,Remembered
P05,Retrieval,ret_02,1,museum-624,blank+fixation-cross,,Remembered
P05,Retrieval,ret_03,1,canyon-661,blank+fixation-cross,,Forgotten
P05,Retrieval,ret_04,1,bakery-698,blank+fixation-cross,,Forgotten
P05,Retrieval,ret_05,1,stadium-735,blank+fixation-cross,,Remembered
P05,Retrieval,ret_06,1,lake-772,blank+fixation-cross,,Forgotten
P05,Retrieval,ret_07,1,alley-809,blank+fixation-cross,,Forgotten
P05,Retrieval,ret_08,1,farm-846,blank+fixation-cross,,Remembered
P05,Retrieval,ret_09,1,beach-883,blank+fixation-cross,,Remembered
P05,Retrieval,ret_10,1,forest-020,blank+fixation-cross,,Remembered
P05,Retrieval,ret_11,1,kitchen-057,blank+fixation-cross,,Remembered
P05,Retrieval,ret_12,1,street-094,blank+fixation-cross,,Remembered
P05,Retrieval,ret_13,1,garden-131,blank+fixation-cross,,Remembered
P05,Retrieval,ret_14,1,office-168,blank+fixation-cross,,Remembered
P05,Retrieval,ret_15,1,dog-205,blank+fixation-cross,,Remembered
P05,Retrieval,ret_16,1,bridge-242,blank+fixation-cross,,Remembered
P05,Retrieval,ret_17,1,market-279,blank+fixation-cross,,Remembered
P05,Retrieval,ret_18,1,tower-316,blank+fixation-cross,,Remembered
P05,Retrieval,ret_19,1,harbor-353,blank+fixation-cross,,Forgotten
P05,Retrieval,ret_20,1,library-390,blank+fixation-cross,,Remembered
P06,Encoding,enc_01,1,kitchen-057,image,kitchen-057.png,
P06,Encoding,enc_02,1,office-168,image,office-168.png,
P06,Encoding,enc_03,1,market-279,image,market-279.png,
P06,Encoding,enc_04,1,library-390,image,library-390.png,
P06,Encoding,enc_05,1,station-501,image,station-501.png,
P06,Encoding,enc_06,1,museum-612,image,museum-612.png,
P06,Encoding,enc_07,1,stadium-723,image,stadium-723.png,
P06,Encoding,enc_08,1,street-094,image,street-094.png,
P06,Encoding,enc_09,1,dog-205,image,dog-205.png,
P06,Encoding,enc_10,1,tower-316,image,tower-316.png,
P06,Encoding,enc_11,1,desert-427,image,desert-427.png,
P06,Encoding,enc_12,1,field-538,image,field-538.png,
P06,Encoding,enc_13,1,canyon-649,image,canyon-649.png,
P06,Encoding,enc_14,1,lake-760,image,lake-760.png,
P06,Encoding,enc_15,1,garden-131,image,garden-131.png,
P06,Encoding,enc_16,1,bridge-242,image,bridge-242.png,
P06,Encoding,enc_17,1,harbor-353,image,harbor-353.png,
P06,Encoding,enc_18,1,church-464,image,church-464.png,
P06,Encoding,enc_19,1,cafe-575,image,cafe-575.png,
P06,Encoding,enc_20,1,bakery-686,image,bakery-686.png,
P06,Retrieval,ret_01,1,kitchen-057,blank+fixation-cross,,Forgotten
P06,Retrieval,ret_02,1,street-094,blank+fixation-cross,,Remembered
P06,Retrieval,ret_03,1,garden-131,blank+fixation-cross,,Remembered
P06,Retrieval,ret_04,1,office-168,blank+fixation-cross,,Remembered
P06,Retrieval,ret_05,1,dog-205,blank+fixation-cross,,Remembered
P06,Retrieval,ret_06,1,bridge-242,blank+fixation-cross,,Remembered
P06,Retrieval,ret_07,1,market-279,blank+fixation-cross,,Forgotten
P06,Retrieval,ret_08,1,tower-316,blank+fixation-cross,,Forgotten
P06,Retrieval,ret_09,1,harbor-353,blank+fixation-cross,,Remembered
P06,Retrieval,ret_10,1,library-390,blank+fixation-cross,,Remembered
P06,Retrieval,ret_11,1,desert-427,blank+fixation-cross,,Forgotten
P06,Retrieval,ret_12,1,church-464,blank+fixation-cross,,Forgotten
P06,Retrieval,ret_13,1,station-501,blank+fixation-cross,,Remembered
P06,Retrieval,ret_14,1,field-538,blank+fixation-cross,,Remembered
P06,Retrieval,ret_15,1,cafe-575,blank+fixation-cross,,Forgotten
P06,Retrieval,ret_16,1,museum-612,blank+fixation-cross,,Remembered
P06,Retrieval,ret_17,1,canyon-649,blank+fixation-cross,,Forgotten
P06,Retrieval,ret_18,1,bakery-686,blank+fixation-cross,,Remembered
P06,Retrieval,ret_19,1,stadium-723,blank+fixation-cross,,Forgotten
P06,Retrieval,ret_20,1,lake-760,blank+fixation-cross,,Remembered
P07,Encoding,enc_01,1,desert-427,image,desert-427.png,
P07,Encoding,enc_02,1,field-538,image,field-538.png,
P07,Encoding,enc_03,1,canyon-649,image,canyon-649.png,
P07,Encoding,enc_04,1,lake-760,image,lake-760.png,
P07,Encoding,enc_05,1,beach-871,image,beach-871.png,
P07,Encoding,enc_06,1,street-082,image,street-082.png,
P07,Encoding,enc_07,1,dog-193,image,dog-193.png,
P07,Encoding,enc_08,1,church-464,image,church-464.png,
P07,Encoding,enc_09,1,cafe-575,image,cafe-575.png,
P07,Encoding,enc_10,1,bakery-686,image,bakery-686.png,
P07,Encoding,enc_11,1,alley-797,image,alley-797.png,
P07,Encoding,enc_12,1,forest-008,image,forest-008.png,
P07,Encoding,enc_13,1,garden-119,image,garden-119.png,
P07,Encoding,enc_14,1,bridge-230,image,bridge-230.png,
P07,Encoding,enc_15,1,station-501,image,station-501.png,
P07,Encoding,enc_16,1,museum-612,image,museum-612.png,
P07,Encoding,enc_17,1,stadium-723,image,stadium-723.png,
P07,Encoding,enc_18,1,farm-834,image,farm-834.png,
P07,Encoding,enc_19,1,kitchen-045,image,kitchen-045.png,
P07,Encoding,enc_20,1,office-156,image,office-156.png,
P07,Retrieval,ret_01,1,desert-427,blank+fixation-cross,,Remembered
P07,Retrieval,ret_02,1,church-464,blank+fixation-cross,,Remembered
P07,Retrieval,ret_03,1,station-501,blank+fixation-cross,,Remembered
P07,Retrieval,ret_04,1,field-538,blank+fixation-cross,,Forgotten
P07,Retrieval,ret_05,1,cafe-575,blank+fixation-cross,,Remembered
P07,Retrieval,ret_06,1,museum-612,blank+fixation-cross,,Remembered
P07,Retrieval,ret_07,1,canyon-649,blank+fixation-cross,,Forgotten
P07,Retrieval,ret_08,1,bakery-686,blank+fixation-cross,,Remembered
P07,Retrieval,ret_09,1,stadium-723,blank+fixation-cross,,Remembered
P07,Retrieval,ret_10,1,lake-760,blank+fixation-cross,,Remembered
P07,Retrieval,ret_11,1,alley-797,blank+fixation-cross,,Forgotten
P07,Retrieval,ret_12,1,farm-834,blank+fixation-cross,,Remembered
P07,Retrieval,ret_13,1,beach-871,blank+fixation-cross,,Remembered
P07,Retrieval,ret_14,1,forest-008,blank+fixation-cross,,Remembered
P07,Retrieval,ret_15,1,kitchen-045,blank+fixation-cross,,Remembered
P07,Retrieval,ret_16,1,street-082,blank+fixation-cross,,Remembered
P07,Retrieval,ret_17,1,garden-119,blank+fixation-cross,,Forgotten
P07,Retrieval,ret_18,1,office-156,blank+fixation-cross,,Forgotten
P07,Retrieval,ret_19,1,dog-193,blank+fixation-cross,,Remembered
P07,Retrieval,ret_20,1,bridge-230,blank+fixation-cross,,Remembered
P08,Encoding,enc_01,1,alley-797,image,alley-797.png,
P08,Encoding,enc_02,1,forest-008,image,forest-008.png,
P08,Encoding,enc_03,1,garden-119,image,garden-119.png,
P08,Encoding,enc_04,1,bridge-230,image,bridge-230.png,
P08,Encoding,enc_05,1,harbor-341,image,harbor-341.png,
P08,Encoding,enc_06,1,church-452,image,church-452.png,
P08,Encoding,enc_07,1,cafe-563,image,cafe-563.png,
P08,Encoding,enc_08,1,farm-834,image,farm-834.png,
P08,Encoding,enc_09,1,kitchen-045,image,kitchen-045.png,
P08,Encoding,enc_10,1,office-156,image,office-156.png,
P08,Encoding,enc_11,1,market-267,image,market-267.png,
P08,Encoding,enc_12,1,library-378,image,library-378.png,
P08,Encoding,enc_13,1,station-489,image,station-489.png,
P08,Encoding,enc_14,1,museum-600,image,museum-600.png,
P08,Encoding,enc_15,1,beach-871,image,beach-871.png,
P08,Encoding,enc_16,1,street-082,image,street-082.png,
P08,Encoding,enc_17,1,dog-193,image,dog-193.png,
P08,Encoding,enc_18,1,tower-304,image,tower-304.png,
P08,Encoding,enc_19,1,desert-415,image,desert-415.png,
P08,Encoding,enc_20,1,field-526,image,field-526.png,
P08,Retrieval,ret_01,1,alley-797,blank+fixation-cross,,Forgotten
P08,Retrieval,ret_02,1,farm-834,blank+fixation-cross,,Remembered
P08,Retrieval,ret_03,1,beach-871,blank+fixation-cross,,Remembered
P08,Retrieval,ret_04,1,forest-008,blank+fixation-cross,,Remembered
P08,Retrieval,ret_05,1,kitchen-045,blank+fixation-cross,,Remembered
P08,Retrieval,ret_06,1,street-082,blank+fixation-cross,,Forgotten
P08,Retrieval,ret_07,1,garden-119,blank+fixation-cross,,Forgotten
P08,Retrieval,ret_08,1,office-156,blank+fixation-cross,,Remembered
P08,Retrieval,ret_09,1,dog-193,blank+fixation-cross,,Forgotten
P08,Retrieval,ret_10,1,bridge-230,blank+fixation-cross,,Remembered
P08,Retrieval,ret_11,1,market-267,blank+fixation-cross,,Forgotten
P08,Retrieval,ret_12,1,tower-304,blank+fixation-cross,,Remembered
P08,Retrieval,ret_13,1,harbor-341,blank+fixation-cross,,Remembered
P08,Retrieval,ret_14,1,library-378,blank+fixation-cross,,Forgotten
P08,Retrieval,ret_15,1,desert-415,blank+fixation-cross,,Forgotten
P08,Retrieval,ret_16,1,church-452,blank+fixation-cross,,Remembered
P08,Retrieval,ret_17,1,station-489,blank+fixation-cross,,Remembered
P08,Retrieval,ret_18,1,field-526,blank+fixation-cross,,Remembered
P08,Retrieval,ret_19,1,cafe-563,blank+fixation-cross,,Remembered
P08,Retrieval,ret_20,1,museum-600,blank+fixation-cross,,Remembered
P09,Encoding,enc_01,1,market-267,image,market-267.png,
P09,Encoding,enc_02,1,library-378,image,library-378.png,
P09,Encoding,enc_03,1,station-489,image,station-489.png,
P09,Encoding,enc_04,1,museum-600,image,museum-600.png,
P09,Encoding,enc_05,1,stadium-711,image,stadium-711.png,
P09,Encoding,enc_06,1,farm-822,image,farm-822.png,
P09,Encoding,enc_07,1,kitchen-033,image,kitchen-033.png,
P09,Encoding,enc_08,1,tower-304,image,tower-304.png,
P09,Encoding,enc_09,1,desert-415,image,desert-415.png,
P09,Encoding,enc_10,1,field-526,image,field-526.png,
P09,Encoding,enc_11,1,canyon-637,image,canyon-637.png,
P09,Encoding,enc_12,1,lake-748,image,lake-748.png,
P09,Encoding,enc_13,1,beach-859,image,beach-859.png,
P09,Encoding,enc_14,1,street-070,image,street-070.png,
P09,Encoding,enc_15,1,harbor-341,image,harbor-341.png,
P09,Encoding,enc_16,1,church-452,image,church-452.png,
P09,Encoding,enc_17,1,cafe-563,image,cafe-563.png,
P09,Encoding,enc_18,1,bakery-674,image,bakery-674.png,
P09,Encoding,enc_19,1,alley-785,image,alley-785.png,
P09,Encoding,enc_20,1,forest-896,image,forest-896.png,
P09,Retrieval,ret_01,1,market-267,blank+fixation-cross,,Remembered
P09,Retrieval,ret_02,1,tower-304,blank+fixation-cross,,Remembered
P09,Retrieval,ret_03,1,harbor-341,blank+fixation-cross,,Remembered
P09,Retrieval,ret_04,1,library-378,blank+fixation-cross,,Remembered
P09,Retrieval,ret_05,1,desert-415,blank+fixation-cross,,Remembered
P09,Retrieval,ret_06,1,church-452,blank+fixation-cross,,Remembered
P09,Retrieval,ret_07,1,station-489,blank+fixation-cross,,Remembered
P09,Retrieval,ret_08,1,field-526,blank+fixation-cross,,Remembered
P09,Retrieval,ret_09,1,cafe-563,blank+fixation-cross,,Remembered
P09,Retrieval,ret_10,1,museum-600,blank+fixation-cross,,Forgotten
P09,Retrieval,ret_11,1,canyon-637,blank+fixation-cross,,Remembered
P09,Retrieval,ret_12,1,bakery-674,blank+fixation-cross,,Forgotten
P09,Retrieval,ret_13,1,stadium-711,blank+fixation-cross,,Remembered
P09,Retrieval,ret_14,1,lake-748,blank+fixation-cross,,Remembered
P09,Retrieval,ret_15,1,alley-785,blank+fixation-cross,,Remembered
P09,Retrieval,ret_16,1,farm-822,blank+fixation-cross,,Remembered
P09,Retrieval,ret_17,1,beach-859,blank+fixation-cross,,Forgotten
P09,Retrieval,ret_18,1,forest-896,blank+fixation-cross,,Forgotten
P09,Retrieval,ret_19,1,kitchen-033,blank+fixation-cross,,Remembered
P09,Retrieval,ret_20,1,street-070,blank+fixation-cross,,Forgotten
P10,Encoding,enc_01,1,canyon-637,image,canyon-637.png,
P10,Encoding,enc_02,1,lake-748,image,lake-748.png,
P10,Encoding,enc_03,1,beach-859,image,beach-859.png,
P10,Encoding,enc_04,1,street-070,image,street-070.png,
P10,Encoding,enc_05,1,dog-181,image,dog-181.png,
P10,Encoding,enc_06,1,tower-292,image,tower-292.png,
P10,Encoding,enc_07,1,desert-403,image,desert-403.png,
P10,Encoding,enc_08,1,bakery-674,image,bakery-674.png,
P10,Encoding,enc_09,1,alley-785,image,alley-785.png,
P10,Encoding,enc_10,1,forest-896,image,forest-896.png,
P10,Encoding,enc_11,1,garden-107,image,garden-107.png,
P10,Encoding,enc_12,1,bridge-218,image,bridge-218.png,
P10,Encoding,enc_13,1,harbor-329,image,harbor-329.png,
P10,Encoding,enc_14,1,church-440,image,church-440.png,
P10,Encoding,enc_15,1,stadium-711,image,stadium-711.png,
P10,Encoding,enc_16,1,farm-822,image,farm-822.png,
P10,Encoding,enc_17,1,kitchen-033,image,kitchen-033.png,
P10,Encoding,enc_18,1,office-144,image,office-144.png,
P10,Encoding,enc_19,1,market-255,image,market-255.png,
P10,Encoding,enc_20,1,library-366,image,library-366.png,
P10,Retrieval,ret_01,1,canyon-637,blank+fixation-cross,,Remembered
P10,Retrieval,ret_02,1,bakery-674,blank+fixation-cross,,Forgotten
P10,Retrieval,ret_03,1,stadium-711,blank+fixation-cross,,Remembered
P10,Retrieval,ret_04,1,lake-748,blank+fixation-cross,,Remembered
P10,Retrieval,ret_05,1,alley-785,blank+fixation-cross,,Remembered
P10,Retrieval,ret_06,1,farm-822,blank+fixation-cross,,Remembered
P10,Retrieval,ret_07,1,beach-859,blank+fixation-cross,,Remembered
P10,Retrieval,ret_08,1,forest-896,blank+fixation-cross,,Remembered
P10,Retrieval,ret_09,1,kitchen-033,blank+fixation-cross,,Remembered
P10,Retrieval,ret_10,1,street-070,blank+fixation-cross,,Remembered
P10,Retrieval,ret_11,1,garden-107,blank+fixation-cross,,Forgotten
P10,Retrieval,ret_12,1,office-144,blank+fixation-cross,,Remembered
P10,Retrieval,ret_13,1,dog-181,blank+fixation-cross,,Remembered
P10,Retrieval,ret_14,1,bridge-218,blank+fixation-cross,,Remembered
P10,Retrieval,ret_15,1,market-255,blank+fixation-cross,,Remembered
P10,Retrieval,ret_16,1,tower-292,blank+fixation-cross,,Remembered
P10,Retrieval,ret_17,1,harbor-329,blank+fixation-cross,,Forgotten
P10,Retrieval,ret_18,1,library-366,blank+fixation-cross,,Remembered
P10,Retrieval,ret_19,1,desert-403,blank+fixation-cross,,Remembered
P10,Retrieval,ret_20,1,church-440,blank+fixation-cross,,Remembered
P11,Encoding,enc_01,1,garden-107,image,garden-107.png,
P11,Encoding,enc_02,1,bridge-218,image,bridge-218.png,
P11,Encoding,enc_03,1,harbor-329,image,harbor-329.png,
P11,Encoding,enc_04,1,church-440,image,church-440.png,
P11,Encoding,enc_05,1,cafe-551,image,cafe-551.png,
P11,Encoding,enc_06,1,bakery-662,image,bakery-662.png,
P11,Encoding,enc_07,1,alley-773,image,alley-773.png,
P11,Encoding,enc_08,1,office-144,image,office-144.png,
P11,Encoding,enc_09,1,market-255,image,market-255.png,
P11,Encoding,enc_10,1,library-366,image,library-366.png,
P11,Encoding,enc_11,1,station-477,image,station-477.png,
P11,Encoding,enc_12,1,museum-588,image,museum-588.png,
P11,Encoding,enc_13,1,stadium-699,image,stadium-699.png,
P11,Encoding,enc_14,1,farm-810,image,farm-810.png,
P11,Encoding,enc_15,1,dog-181,image,dog-181.png,
P11,Encoding,enc_16,1,tower-292,image,tower-292.png,
P11,Encoding,enc_17,1,desert-403,image,desert-403.png,
P11,Encoding,enc_18,1,field-514,image,field-514.png,
P11,Encoding,enc_19,1,canyon-625,image,canyon-625.png,
P11,Encoding,enc_20,1,lake-736,image,lake-736.png,
P11,Retrieval,ret_01,1,garden-107,blank+fixation-cross,,Remembered
P11,Retrieval,ret_02,1,office-144,blank+fixation-cross,,Remembered
P11,Retrieval,ret_03,1,dog-181,blank+fixation-cross,,Remembered
P11,Retrieval,ret_04,1,bridge-218,blank+fixation-cross,,Remembered
P11,Retrieval,ret_05,1,market-255,blank+fixation-cross,,Remembered
P11,Retrieval,ret_06,1,tower-292,blank+fixation-cross,,Remembered
P11,Retrieval,ret_07,1,harbor-329,blank+fixation-cross,,Remembered
P11,Retrieval,ret_08,1,library-366,blank+fixation-cross,,Forgotten
P11,Retrieval,ret_09,1,desert-403,blank+fixation-cross,,Forgotten
P11,Retrieval,ret_10,1,church-440,blank+fixation-cross,,Remembered
P11,Retrieval,ret_11,1,station-477,blank+fixation-cross,,Forgotten
P11,Retrieval,ret_12,1,field-514,blank+fixation-cross,,Remembered
P11,Retrieval,ret_13,1,cafe-551,blank+fixation-cross,,Forgotten
P11,Retrieval,ret_14,1,museum-588,blank+fixation-cross,,Remembered
P11,Retrieval,ret_15,1,canyon-625,blank+fixation-cross,,Forgotten
P11,Retrieval,ret_16,1,bakery-662,blank+fixation-cross,,Remembered
P11,Retrieval,ret_17,1,stadium-699,blank+fixation-cross,,Remembered
P11,Retrieval,ret_18,1,lake-736,blank+fixation-cross,,Remembered
P11,Retrieval,ret_19,1,alley-773,blank+fixation-cross,,Forgotten
P11,Retrieval,ret_20,1,farm-810,blank+fixation-cross,,Remembered
P12,Encoding,enc_01,1,station-477,image,station-477.png,
P12,Encoding,enc_02,1,museum-588,image,museum-588.png,
P12,Encoding,enc_03,1,stadium-699,image,stadium-699.png,
P12,Encoding,enc_04,1,farm-810,image,farm-810.png,
P12,Encoding,enc_05,1,kitchen-021,image,kitchen-021.png,
P12,Encoding,enc_06,1,office-132,image,office-132.png,
P12,Encoding,enc_07,1,market-243,image,market-243.png,
P12,Encoding,enc_08,1,field-514,image,field-514.png,
P12,Encoding,enc_09,1,canyon-625,image,canyon-625.png,
P12,Encoding,enc_10,1,lake-736,image,lake-736.png,
P12,Encoding,enc_11,1,beach-847,image,beach-847.png,
P12,Encoding,enc_12,1,street-058,image,street-058.png,
P12,Encoding,enc_13,1,dog-169,image,dog-169.png,
P12,Encoding,enc_14,1,tower-280,image,tower-280.png,
P12,Encoding,enc_15,1,cafe-551,image,cafe-551.png,
P12,Encoding,enc_16,1,bakery-662,image,bakery-662.png,
P12,Encoding,enc_17,1,alley-773,image,alley-773.png,
P12,Encoding,enc_18,1,forest-884,image,forest-884.png,
P12,Encoding,enc_19,1,garden-095,image,garden-095.png,
P12,Encoding,enc_20,1,bridge-206,image,bridge-206.png,
P12,Retrieval,ret_01,1,station-477,blank+fixation-cross,,Remembered
P12,Retrieval,ret_02,1,field-514,blank+fixation-cross,,Remembered
P12,Retrieval,ret_03,1,cafe-551,blank+fixation-cross,,Remembered
P12,Retrieval,ret_04,1,museum-588,blank+fixation-cross,,Remembered
P12,Retrieval,ret_05,1,canyon-625,blank+fixation-cross,,Forgotten
P12,Retrieval,ret_06,1,bakery-662,blank+fixation-cross,,Remembered
P12,Retrieval,ret_07,1,stadium-699,blank+fixation-cross,,Forgotten
P12,Retrieval,ret_08,1,lake-736,blank+fixation-cross,,Remembered
P12,Retrieval,ret_09,1,alley-773,blank+fixation-cross,,Forgotten
P12,Retrieval,ret_10,1,farm-810,blank+fixation-cross,,Forgotten
P12,Retrieval,ret_11,1,beach-847,blank+fixation-cross,,Remembered
P12,Retrieval,ret_12,1,forest-884,blank+fixation-cross,,Forgotten
P12,Retrieval,ret_13,1,kitchen-021,blank+fixation-cross,,Remembered
P12,Retrieval,ret_14,1,street-058,blank+fixation-cross,,Remembered
P12,Retrieval,ret_15,1,garden-095,blank+fixation-cross,,Forgotten
P12,Retrieval,ret_16,1,office-132,blank+fixation-cross,,Remembered
P12,Retrieval,ret_17,1,dog-169,blank+fixation-cross,,Forgotten
P12,Retrieval,ret_18,1,bridge-206,blank+fixation-cross,,Forgotten
P12,Retrieval,ret_19,1,market-243,blank+fixation-cross,,Remembered
P12,Retrieval,ret_20,1,tower-280,blank+fixation-cross,,Remembered
P13,Encoding,enc_01,1,beach-847,image,beach-847.png,
P13,Encoding,enc_02,1,street-058,image,street-058.png,
P13,Encoding,enc_03,1,dog-169,image,dog-169.png,
P13,Encoding,enc_04,1,tower-280,image,tower-280.png,
P13,Encoding,enc_05,1,desert-391,image,desert-391.png,
P13,Encoding,enc_06,1,field-502,image,field-502.png,
P13,Encoding,enc_07,1,canyon-613,image,canyon-613.png,
P13,Encoding,enc_08,1,forest-884,image,forest-884.png,
P13,Encoding,enc_09,1,garden-095,image,garden-095.png,
P13,Encoding,enc_10,1,bridge-206,image,bridge-206.png,
P13,Encoding,enc_11,1,harbor-317,image,harbor-317.png,
P13,Encoding,enc_12,1,church-428,image,church-428.png,
P13,Encoding,enc_13,1,cafe-539,image,cafe-539.png,
P13,Encoding,enc_14,1,bakery-650,image,bakery-650.png,
P13,Encoding,enc_15,1,kitchen-021,image,kitchen-021.png,
P13,Encoding,enc_16,1,office-132,image,office-132.png,
P13,Encoding,enc_17,1,market-243,image,market-243.png,
P13,Encoding,enc_18,1,library-354,image,library-354.png,
P13,Encoding,enc_19,1,station-465,image,station-465.png,
P13,Encoding,enc_20,1,museum-576,image,museum-576.png,
P13,Retrieval,ret_01,1,beach-847,blank+fixation-cross,,Remembered
P13,Retrieval,ret_02,1,forest-884,blank+fixation-cross,,Remembered
P13,Retrieval,ret_03,1,kitchen-021,blank+fixation-cross,,Forgotten
P13,Retrieval,ret_04,1,street-058,blank+fixation-cross,,Remembered
P13,Retrieval,ret_05,1,garden-095,blank+fixation-cross,,Forgotten
P13,Retrieval,ret_06,1,office-132,blank+fixation-cross,,Remembered
P13,Retrieval,ret_07,1,dog-169,blank+fixation-cross,,Remembered
P13,Retrieval,ret_08,1,bridge-206,blank+fixation-cross,,Forgotten
P13,Retrieval,ret_09,1,market-243,blank+fixation-cross,,Forgotten
P13,Retrieval,ret_10,1,tower-280,blank+fixation-cross,,Remembered
P13,Retrieval,ret_11,1,harbor-317,blank+fixation-cross,,Remembered
P13,Retrieval,ret_12,1,library-354,blank+fixation-cross,,Forgotten
P13,Retrieval,ret_13,1,desert-391,blank+fixation-cross,,Remembered
P13,Retrieval,ret_14,1,church-428,blank+fixation-cross,,Remembered
P13,Retrieval,ret_15,1,station-465,blank+fixation-cross,,Remembered
P13,Retrieval,ret_16,1,field-502,blank+fixation-cross,,Remembered
P13,Retrieval,ret_17,1,cafe-539,blank+fixation-cross,,Remembered
P13,Retrieval,ret_18,1,museum-576,blank+fixation-cross,,Forgotten
P13,Retrieval,ret_19,1,canyon-613,blank+fixation-cross,,Forgotten
P13,Retrieval,ret_20,1,bakery-650,blank+fixation-cross,,Forgotten
P14,Encoding,enc_01,1,harbor-317,image,harbor-317.png,
P14,Encoding,enc_02,1,church-428,image,church-428.png,
P14,Encoding,enc_03,1,cafe-539,image,cafe-539.png,
P14,Encoding,enc_04,1,bakery-650,image,bakery-650.png,
P14,Encoding,enc_05,1,alley-761,image,alley-761.png,
P14,Encoding,enc_06,1,forest-872,image,forest-872.png,
P14,Encoding,enc_07,1,garden-083,image,garden-083.png,
P14,Encoding,enc_08,1,library-354,image,library-354.png,
P14,Encoding,enc_09,1,station-465,image,station-465.png,
P14,Encoding,enc_10,1,museum-576,image,museum-576.png,
P14,Encoding,enc_11,1,stadium-687,image,stadium-687.png,
P14,Encoding,enc_12,1,farm-798,image,farm-798.png,
P14,Encoding,enc_13,1,kitchen-009,image,kitchen-009.png,
P14,Encoding,enc_14,1,office-120,image,office-120.png,
P14,Encoding,enc_15,1,desert-391,image,desert-391.png,
P14,Encoding,enc_16,1,field-502,image,field-502.png,
P14,Encoding,enc_17,1,canyon-613,image,canyon-613.png,
P14,Encoding,enc_18,1,lake-724,image,lake-724.png,
P14,Encoding,enc_19,1,beach-835,image,beach-835.png,
P14,Encoding,enc_20,1,street-046,image,street-046.png,
P14,Retrieval,ret_01,1,harbor-317,blank+fixation-cross,,Forgotten
P14,Retrieval,ret_02,1,library-354,blank+fixation-cross,,Remembered
P14,Retrieval,ret_03,1,desert-391,blank+fixation-cross,,Remembered
P14,Retrieval,ret_04,1,church-428,blank+fixation-cross,,Remembered
P14,Retrieval,ret_05,1,station-465,blank+fixation-cross,,Forgotten
P14,Retrieval,ret_06,1,field-502,blank+fixation-cross,,Remembered
P14,Retrieval,ret_07,1,cafe-539,blank+fixation-cross,,Remembered
P14,Retrieval,ret_08,1,museum-576,blank+fixation-cross,,Remembered
P14,Retrieval,ret_09,1,canyon-613,blank+fixation-cross,,Remembered
P14,Retrieval,ret_10,1,bakery-650,blank+fixation-cross,,Remembered
P14,Retrieval,ret_11,1,stadium-687,blank+fixation-cross,,Forgotten
P14,Retrieval,ret_12,1,lake-724,blank+fixation-cross,,Remembered
P14,Retrieval,ret_13,1,alley-761,blank+fixation-cross,,Remembered
P14,Retrieval,ret_14,1,farm-798,blank+fixation-cross,,Remembered
P14,Retrieval,ret_15,1,beach-835,blank+fixation-cross,,Remembered
P14,Retrieval,ret_16,1,forest-872,blank+fixation-cross,,Forgotten
P14,Retrieval,ret_17,1,kitchen-009,blank+fixation-cross,,Remembered
P14,Retrieval,ret_18,1,street-046,blank+fixation-cross,,Forgotten
P14,Retrieval,ret_19,1,garden-083,blank+fixation-cross,,Remembered
P14,Retrieval,ret_20,1,office-120,blank+fixation-cross,,Remembered
P15,Encoding,enc_01,1,stadium-687,image,stadium-687.png,
P15,Encoding,enc_02,1,farm-798,image,farm-798.png,
P15,Encoding,enc_03,1,kitchen-009,image,kitchen-009.png,
P15,Encoding,enc_04,1,office-120,image,office-120.png,
P15,Encoding,enc_05,1,market-231,image,market-231.png,
P15,Encoding,enc_06,1,library-342,image,library-342.png,
P15,Encoding,enc_07,1,station-453,image,station-453.png,
P15,Encoding,enc_08,1,lake-724,image,lake-724.png,
P15,Encoding,enc_09,1,beach-835,image,beach-835.png,
P15,Encoding,enc_10,1,street-046,image,street-046.png,
P15,Encoding,enc_11,1,dog-157,image,dog-157.png,
P15,Encoding,enc_12,1,tower-268,image,tower-268.png,
P15,Encoding,enc_13,1,desert-379,image,desert-379.png,
P15,Encoding,enc_14,1,field-490,image,field-490.png,
P15,Encoding,enc_15,1,alley-761,image,alley-761.png,
P15,Encoding,enc_16,1,forest-872,image,forest-872.png,
P15,Encoding,enc_17,1,garden-083,image,garden-083.png,
P15,Encoding,enc_18,1,bridge-194,image,bridge-194.png,
P15,Encoding,enc_19,1,harbor-305,image,harbor-305.png,
P15,Encoding,enc_20,1,church-416,image,church-416.png,
P15,Retrieval,ret_01,1,stadium-687,blank+fixation-cross,,Remembered
P15,Retrieval,ret_02,1,lake-724,blank+fixation-cross,,Remembered
P15,Retrieval,ret_03,1,alley-761,blank+fixation-cross,,Remembered
P15,Retrieval,ret_04,1,farm-798,blank+fixation-cross,,Forgotten
P15,Retrieval,ret_05,1,beach-835,blank+fixation-cross,,Remembered
P15,Retrieval,ret_06,1,forest-872,blank+fixation-cross,,Forgotten
P15,Retrieval,ret_07,1,kitchen-009,blank+fixation-cross,,Remembered
P15,Retrieval,ret_08,1,street-046,blank+fixation-cross,,Remembered
P15,Retrieval,ret_09,1,garden-083,blank+fixation-cross,,Remembered
P15,Retrieval,ret_10,1,office-120,blank+fixation-cross,,Remembered
P15,Retrieval,ret_11,1,dog-157,blank+fixation-cross,,Remembered
P15,Retrieval,ret_12,1,bridge-194,blank+fixation-cross,,Forgotten
P15,Retrieval,ret_13,1,market-231,blank+fixation-cross,,Remembered
P15,Retrieval,ret_14,1,tower-268,blank+fixation-cross,,Remembered
P15,Retrieval,ret_15,1,harbor-305,blank+fixation-cross,,Remembered
P15,Retrieval,ret_16,1,library-342,blank+fixation-cross,,Remembered
P15,Retrieval,ret_17,1,desert-379,blank+fixation-cross,,Forgotten
P15,Retrieval,ret_18,1,church-416,blank+fixation-cross,,Forgotten
P15,Retrieval,ret_19,1,station-453,blank+fixation-cross,,Remembered
P15,Retrieval,ret_20,1,field-490,blank+fixation-cross,,Forgotten
P16,Encoding,enc_01,1,dog-157,image,dog-157.png,
P16,Encoding,enc_02,1,tower-268,image,tower-268.png,
P16,Encoding,enc_03,1,desert-379,image,desert-379.png,
P16,Encoding,enc_04,1,field-490,image,field-490.png,
P16,Encoding,enc_05,1,canyon-601,image,canyon-601.png,
P16,Encoding,enc_06,1,lake-712,image,lake-712.png,
P16,Encoding,enc_07,1,beach-823,image,beach-823.png,
P16,Encoding,enc_08,1,bridge-194,image,bridge-194.png,
P16,Encoding,enc_09,1,harbor-305,image,harbor-305.png,
P16,Encoding,enc_10,1,church-416,image,church-416.png,
P16,Encoding,enc_11,1,cafe-527,image,cafe-527.png,
P16,Encoding,enc_12,1,bakery-638,image,bakery-638.png,
P16,Encoding,enc_13,1,alley-749,image,alley-749.png,
P16,Encoding,enc_14,1,forest-860,image,forest-860.png,
P16,Encoding,enc_15,1,market-231,image,market-231.png,
P16,Encoding,enc_16,1,library-342,image,library-342.png,
P16,Encoding,enc_17,1,station-453,image,station-453.png,
P16,Encoding,enc_18,1,museum-564,image,museum-564.png,
P16,Encoding,enc_19,1,stadium-675,image,stadium-675.png,
P16,Encoding,enc_20,1,farm-786,image,farm-786.png,
P16,Retrieval,ret_01,1,dog-157,blank+fixation-cross,,Forgotten
P16,Retrieval,ret_02,1,bridge-194,blank+fixation-cross,,Forgotten
P16,Retrieval,ret_03,1,market-231,blank+fixation-cross,,Remembered
P16,Retrieval,ret_04,1,tower-268,blank+fixation-cross,,Forgotten
P16,Retrieval,ret_05,1,harbor-305,blank+fixation-cross,,Remembered
P16,Retrieval,ret_06,1,library-342,blank+fixation-cross,,Forgotten
P16,Retrieval,ret_07,1,desert-379,blank+fixation-cross,,Forgotten
P16,Retrieval,ret_08,1,church-416,blank+fixation-cross,,Forgotten
P16,Retrieval,ret_09,1,station-453,blank+fixation-cross,,Remembered
P16,Retrieval,ret_10,1,field-490,blank+fixation-cross,,Remembered
P16,Retrieval,ret_11,1,cafe-527,blank+fixation-cross,,Remembered
P16,Retrieval,ret_12,1,museum-564,blank+fixation-cross,,Remembered
P16,Retrieval,ret_13,1,canyon-601,blank+fixation-cross,,Remembered
P16,Retrieval,ret_14,1,bakery-638,blank+fixation-cross,,Forgotten
P16,Retrieval,ret_15,1,stadium-675,blank+fixation-cross,,Remembered
P16,Retrieval,ret_16,1,lake-712,blank+fixation-cross,,Remembered
P16,Retrieval,ret_17,1,alley-749,blank+fixation-cross,,Forgotten
P16,Retrieval,ret_18,1,farm-786,blank+fixation-cross,,Remembered
P16,Retrieval,ret_19,1,beach-823,blank+fixation-cross,,Remembered
P16,Retrieval,ret_20,1,forest-860,blank+fixation-cross,,Remembered
P17,Encoding,enc_01,1,street-112,image,street-112.png,
P17,Encoding,enc_02,1,kitchen-017,image,kitchen-017.png,
P17,Encoding,enc_03,1,beach-042,image,beach-042.png,
P17,Encoding,enc_04,1,tower-150,image,tower-150.png,
P17,Encoding,enc_05,1,desert-305,image,desert-305.png,
P17,Encoding,enc_06,1,field-613,image,field-613.png,
P17,Encoding,enc_07,1,canyon-126,image,canyon-126.png,
P17,Encoding,enc_08,1,dog-077,image,dog-077.png,
P17,Encoding,enc_09,1,forest-008,image,forest-008.png,
P17,Encoding,enc_10,1,bridge-019,image,bridge-019.png,
P17,Encoding,enc_11,1,harbor-231,image,harbor-231.png,
P17,Encoding,enc_12,1,church-417,image,church-417.png,
P17,Encoding,enc_13,1,cafe-702,image,cafe-702.png,
P17,Encoding,enc_14,1,bakery-240,image,bakery-240.png,
P17,Encoding,enc_15,1,office-203,image,office-203.png,
P17,Encoding,enc_16,1,garden-054,image,garden-054.png,
P17,Encoding,enc_17,1,market-066,image,market-066.png,
P17,Encoding,enc_18,1,library-388,image,library-388.png,
P17,Encoding,enc_19,1,station-529,image,station-529.png,
P17,Encoding,enc_20,1,museum-814,image,museum-814.png,
P17,Retrieval,ret_01,1,street-112,blank+fixation-cross,,Remembered
P17,Retrieval,ret_02,1,dog-077,blank+fixation-cross,,Remembered
P17,Retrieval,ret_03,1,office-203,blank+fixation-cross,,Remembered
P17,Retrieval,ret_04,1,kitchen-017,blank+fixation-cross,,Remembered
P17,Retrieval,ret_05,1,forest-008,blank+fixation-cross,,Forgotten
P17,Retrieval,ret_06,1,garden-054,blank+fixation-cross,,Remembered
P17,Retrieval,ret_07,1,beach-042,blank+fixation-cross,,Remembered
P17,Retrieval,ret_08,1,bridge-019,blank+fixation-cross,,Remembered
P17,Retrieval,ret_09,1,market-066,blank+fixation-cross,,Remembered
P17,Retrieval,ret_10,1,tower-150,blank+fixation-cross,,Remembered
P17,Retrieval,ret_11,1,harbor-231,blank+fixation-cross,,Remembered
P17,Retrieval,ret_12,1,library-388,blank+fixation-cross,,Remembered
P17,Retrieval,ret_13,1,desert-305,blank+fixation-cross,,Remembered
P17,Retrieval,ret_14,1,church-417,blank+fixation-cross,,Remembered
P17,Retrieval,ret_15,1,station-529,blank+fixation-cross,,Remembered
P17,Retrieval,ret_16,1,field-613,blank+fixation-cross,,Remembered
P17,Retrieval,ret_17,1,cafe-702,blank+fixation-cross,,Forgotten
P17,Retrieval,ret_18,1,museum-814,blank+fixation-cross,,Remembered
P17,Retrieval,ret_19,1,canyon-126,blank+fixation-cross,,Remembered
P17,Retrieval,ret_20,1,bakery-240,blank+fixation-cross,,Remembered
P18,Encoding,enc_01,1,kitchen-897,image,kitchen-897.png,
P18,Encoding,enc_02,1,office-108,image,office-108.png,
P18,Encoding,enc_03,1,market-219,image,market-219.png,
P18,Encoding,enc_04,1,library-330,image,library-330.png,
P18,Encoding,enc_05,1,station-441,image,station-441.png,
P18,Encoding,enc_06,1,museum-552,image,museum-552.png,
P18,Encoding,enc_07,1,stadium-663,image,stadium-663.png,
P18,Encoding,enc_08,1,street-034,image,street-034.png,
P18,Encoding,enc_09,1,dog-145,image,dog-145.png,
P18,Encoding,enc_10,1,tower-256,image,tower-256.png,
P18,Encoding,enc_11,1,desert-367,image,desert-367.png,
P18,Encoding,enc_12,1,field-478,image,field-478.png,
P18,Encoding,enc_13,1,canyon-589,image,canyon-589.png,
P18,Encoding,enc_14,1,lake-700,image,lake-700.png,
P18,Encoding,enc_15,1,garden-071,image,garden-071.png,
P18,Encoding,enc_16,1,bridge-182,image,bridge-182.png,
P18,Encoding,enc_17,1,harbor-293,image,harbor-293.png,
P18,Encoding,enc_18,1,church-404,image,church-404.png,
P18,Encoding,enc_19,1,cafe-515,image,cafe-515.png,
P18,Encoding,enc_20,1,bakery-626,image,bakery-626.png,
P18,Retrieval,ret_01,1,kitchen-897,blank+fixation-cross,,Remembered
P18,Retrieval,ret_02,1,street-034,blank+fixation-cross,,Remembered
P18,Retrieval,ret_03,1,garden-071,blank+fixation-cross,,Remembered
P18,Retrieval,ret_04,1,office-108,blank+fixation-cross,,Remembered
P18,Retrieval,ret_05,1,dog-145,blank+fixation-cross,,Remembered
P18,Retrieval,ret_06,1,bridge-182,blank+fixation-cross,,Remembered
P18,Retrieval,ret_07,1,market-219,blank+fixation-cross,,Remembered
P18,Retrieval,ret_08,1,tower-256,blank+fixation-cross,,Forgotten
P18,Retrieval,ret_09,1,harbor-293,blank+fixation-cross,,Remembered
P18,Retrieval,ret_10,1,library-330,blank+fixation-cross,,Forgotten
P18,Retrieval,ret_11,1,desert-367,blank+fixation-cross,,Remembered
P18,Retrieval,ret_12,1,church-404,blank+fixation-cross,,Remembered
P18,Retrieval,ret_13,1,station-441,blank+fixation-cross,,Remembered
P18,Retrieval,ret_14,1,field-478,blank+fixation-cross,,Remembered
P18,Retrieval,ret_15,1,cafe-515,blank+fixation-cross,,Remembered
P18,Retrieval,ret_16,1,museum-552,blank+fixation-cross,,Remembered
P18,Retrieval,ret_17,1,canyon-589,blank+fixation-cross,,Forgotten
P18,Retrieval,ret_18,1,bakery-626,blank+fixation-cross,,Remembered
P18,Retrieval,ret_19,1,stadium-663,blank+fixation-cross,,Remembered
P18,Retrieval,ret_20,1,lake-700,blank+fixation-cross,,Remembered
P19,Encoding,enc_01,1,desert-367,image,desert-367.png,
P19,Encoding,enc_02,1,field-478,image,field-478.png,
P19,Encoding,enc_03,1,canyon-589,image,canyon-589.png,
P19,Encoding,enc_04,1,lake-700,image,lake-700.png,
P19,Encoding,enc_05,1,beach-811,image,beach-811.png,
P19,Encoding,enc_06,1,street-022,image,street-022.png,
P19,Encoding,enc_07,1,dog-133,image,dog-133.png,
P19,Encoding,enc_08,1,church-404,image,church-404.png,
P19,Encoding,enc_09,1,cafe-515,image,cafe-515.png,
P19,Encoding,enc_10,1,bakery-626,image,bakery-626.png,
P19,Encoding,enc_11,1,alley-737,image,alley-737.png,
P19,Encoding,enc_12,1,forest-848,image,forest-848.png,
P19,Encoding,enc_13,1,garden-059,image,garden-059.png,
P19,Encoding,enc_14,1,bridge-170,image,bridge-170.png,
P19,Encoding,enc_15,1,station-441,image,station-441.png,
P19,Encoding,enc_16,1,museum-552,image,museum-552.png,
P19,Encoding,enc_17,1,stadium-663,image,stadium-663.png,
P19,Encoding,enc_18,1,farm-774,image,farm-774.png,
P19,Encoding,enc_19,1,kitchen-885,image,kitchen-885.png,
P19,Encoding,enc_20,1,office-096,image,office-096.png,
P19,Retrieval,ret_01,1,desert-367,blank+fixation-cross,,Remembered
P19,Retrieval,ret_02,1,church-404,blank+fixation-cross,,Remembered
P19,Retrieval,ret_03,1,station-441,blank+fixation-cross,,Remembered
P19,Retrieval,ret_04,1,field-478,blank+fixation-cross,,Remembered
P19,Retrieval,ret_05,1,cafe-515,blank+fixation-cross,,Forgotten
P19,Retrieval,ret_06,1,museum-552,blank+fixation-cross,,Remembered
P19,Retrieval,ret_07,1,canyon-589,blank+fixation-cross,,Remembered
P19,Retrieval,ret_08,1,bakery-626,blank+fixation-cross,,Remembered
P19,Retrieval,ret_09,1,stadium-663,blank+fixation-cross,,Remembered
P19,Retrieval,ret_10,1,lake-700,blank+fixation-cross,,Remembered
P19,Retrieval,ret_11,1,alley-737,blank+fixation-cross,,Remembered
P19,Retrieval,ret_12,1,farm-774,blank+fixation-cross,,Forgotten
P19,Retrieval,ret_13,1,beach-811,blank+fixation-cross,,Remembered
P19,Retrieval,ret_14,1,forest-848,blank+fixation-cross,,Remembered
P19,Retrieval,ret_15,1,kitchen-885,blank+fixation-cross,,Remembered
P19,Retrieval,ret_16,1,street-022,blank+fixation-cross,,Remembered
P19,Retrieval,ret_17,1,garden-059,blank+fixation-cross,,Remembered
P19,Retrieval,ret_18,1,office-096,blank+fixation-cross,,Forgotten
P19,Retrieval,ret_19,1,dog-133,blank+fixation-cross,,Remembered
P19,Retrieval,ret_20,1,bridge-170,blank+fixation-cross,,Forgotten
P20,Encoding,enc_01,1,alley-737,image,alley-737.png,
P20,Encoding,enc_02,1,forest-848,image,forest-848.png,
P20,Encoding,enc_03,1,garden-059,image,garden-059.png,
P20,Encoding,enc_04,1,bridge-170,image,bridge-170.png,
P20,Encoding,enc_05,1,harbor-281,image,harbor-281.png,
P20,Encoding,enc_06,1,church-392,image,church-392.png,
P20,Encoding,enc_07,1,cafe-503,image,cafe-503.png,
P20,Encoding,enc_08,1,farm-774,image,farm-774.png,
P20,Encoding,enc_09,1,kitchen-885,image,kitchen-885.png,
P20,Encoding,enc_10,1,office-096,image,office-096.png,
P20,Encoding,enc_11,1,market-207,image,market-207.png,
P20,Encoding,enc_12,1,library-318,image,library-318.png,
P20,Encoding,enc_13,1,station-429,image,station-429.png,
P20,Encoding,enc_14,1,museum-540,image,museum-540.png,
P20,Encoding,enc_15,1,beach-811,image,beach-811.png,
P20,Encoding,enc_16,1,street-022,image,street-022.png,
P20,Encoding,enc_17,1,dog-133,image,dog-133.png,
P20,Encoding,enc_18,1,tower-244,image,tower-244.png,
P20,Encoding,enc_19,1,desert-355,image,desert-355.png,
P20,Encoding,enc_20,1,field-466,image,field-466.png,
P20,Retrieval,ret_01,1,alley-737,blank+fixation-cross,,Remembered
P20,Retrieval,ret_02,1,farm-774,blank+fixation-cross,,Remembered
P20,Retrieval,ret_03,1,beach-811,blank+fixation-cross,,Remembered
P20,Retrieval,ret_04,1,forest-848,blank+fixation-cross,,Forgotten
P20,Retrieval,ret_05,1,kitchen-885,blank+fixation-cross,,Remembered
P20,Retrieval,ret_06,1,street-022,blank+fixation-cross,,Forgotten
P20,Retrieval,ret_07,1,garden-059,blank+fixation-cross,,Remembered
P20,Retrieval,ret_08,1,office-096,blank+fixation-cross,,Remembered
P20,Retrieval,ret_09,1,dog-133,blank+fixation-cross,,Remembered
P20,Retrieval,ret_10,1,bridge-170,blank+fixation-cross,,Remembered
P20,Retrieval,ret_11,1,market-207,blank+fixation-cross,,Remembered
P20,Retrieval,ret_12,1,tower-244,blank+fixation-cross,,Forgotten
P20,Retrieval,ret_13,1,harbor-281,blank+fixation-cross,,Remembered
P20,Retrieval,ret_14,1,library-318,blank+fixation-cross,,Remembered
P20,Retrieval,ret_15,1,desert-355,blank+fixation-cross,,Remembered
P20,Retrieval,ret_16,1,church-392,blank+fixation-cross,,Remembered
P20,Retrieval,ret_17,1,station-429,blank+fixation-cross,,Remembered
P20,Retrieval,ret_18,1,field-466,blank+fixation-cross,,Forgotten
P20,Retrieval,ret_19,1,cafe-503,blank+fixation-cross,,Forgotten
P20,Retrieval,ret_20,1,museum-540,blank+fixation-cross,,Forgotten
P21,Encoding,enc_01,1,market-207,image,market-207.png,
P21,Encoding,enc_02,1,library-318,image,library-318.png,
P21,Encoding,enc_03,1,station-429,image,station-429.png,
P21,Encoding,enc_04,1,museum-540,image,museum-540.png,
P21,Encoding,enc_05,1,stadium-651,image,stadium-651.png,
P21,Encoding,enc_06,1,farm-762,image,farm-762.png,
P21,Encoding,enc_07,1,kitchen-873,image,kitchen-873.png,
P21,Encoding,enc_08,1,tower-244,image,tower-244.png,
P21,Encoding,enc_09,1,desert-355,image,desert-355.png,
P21,Encoding,enc_10,1,field-466,image,field-466.png,
P21,Encoding,enc_11,1,canyon-577,image,canyon-577.png,
P21,Encoding,enc_12,1,lake-688,image,lake-688.png,
P21,Encoding,enc_13,1,beach-799,image,beach-799.png,
P21,Encoding,enc_14,1,street-010,image,street-010.png,
P21,Encoding,enc_15,1,harbor-281,image,harbor-281.png,
P21,Encoding,enc_16,1,church-392,image,church-392.png,
P21,Encoding,enc_17,1,cafe-503,image,cafe-503.png,
P21,Encoding,enc_18,1,bakery-614,image,bakery-614.png,
P21,Encoding,enc_19,1,alley-725,image,alley-725.png,
P21,Encoding,enc_20,1,forest-836,image,forest-836.png,
P21,Retrieval,ret_01,1,market-207,blank+fixation-cross,,Remembered
P21,Retrieval,ret_02,1,tower-244,blank+fixation-cross,,Forgotten
P21,Retrieval,ret_03,1,harbor-281,blank+fixation-cross,,Remembered
P21,Retrieval,ret_04,1,library-318,blank+fixation-cross,,Remembered
P21,Retrieval,ret_05,1,desert-355,blank+fixation-cross,,Forgotten
P21,Retrieval,ret_06,1,church-392,blank+fixation-cross,,Forgotten
P21,Retrieval,ret_07,1,station-429,blank+fixation-cross,,Remembered
P21,Retrieval,ret_08,1,field-466,blank+fixation-cross,,Remembered
P21,Retrieval,ret_09,1,cafe-503,blank+fixation-cross,,Remembered
P21,Retrieval,ret_10,1,museum-540,blank+fixation-cross,,Remembered
P21,Retrieval,ret_11,1,canyon-577,blank+fixation-cross,,Remembered
P21,Retrieval,ret_12,1,bakery-614,blank+fixation-cross,,Remembered
P21,Retrieval,ret_13,1,stadium-651,blank+fixation-cross,,Remembered
P21,Retrieval,ret_14,1,lake-688,blank+fixation-cross,,Remembered
P21,Retrieval,ret_15,1,alley-725,blank+fixation-cross,,Remembered
P21,Retrieval,ret_16,1,farm-762,blank+fixation-cross,,Remembered
P21,Retrieval,ret_17,1,beach-799,blank+fixation-cross,,Remembered
P21,Retrieval,ret_18,1,forest-836,blank+fixation-cross,,Remembered
P21,Retrieval,ret_19,1,kitchen-873,blank+fixation-cross,,Remembered
P21,Retrieval,ret_20,1,street-010,blank+fixation-cross,,Remembered
P22,Encoding,enc_01,1,canyon-577,image,canyon-577.png,
P22,Encoding,enc_02,1,lake-688,image,lake-688.png,
P22,Encoding,enc_03,1,beach-799,image,beach-799.png,
P22,Encoding,enc_04,1,street-010,image,street-010.png,
P22,Encoding,enc_05,1,dog-121,image,dog-121.png,
P22,Encoding,enc_06,1,tower-232,image,tower-232.png,
P22,Encoding,enc_07,1,desert-343,image,desert-343.png,
P22,Encoding,enc_08,1,bakery-614,image,bakery-614.png,
P22,Encoding,enc_09,1,alley-725,image,alley-725.png,
P22,Encoding,enc_10,1,forest-836,image,forest-836.png,
P22,Encoding,enc_11,1,garden-047,image,garden-047.png,
P22,Encoding,enc_12,1,bridge-158,image,bridge-158.png,
P22,Encoding,enc_13,1,harbor-269,image,harbor-269.png,
P22,Encoding,enc_14,1,church-380,image,church-380.png,
P22,Encoding,enc_15,1,stadium-651,image,stadium-651.png,
P22,Encoding,enc_16,1,farm-762,image,farm-762.png,
P22,Encoding,enc_17,1,kitchen-873,image,kitchen-873.png,
P22,Encoding,enc_18,1,office-084,image,office-084.png,
P22,Encoding,enc_19,1,market-195,image,market-195.png,
P22,Encoding,enc_20,1,library-306,image,library-306.png,
P22,Retrieval,ret_01,1,canyon-577,blank+fixation-cross,,Remembered
P22,Retrieval,ret_02,1,bakery-614,blank+fixation-cross,,Forgotten
P22,Retrieval,ret_03,1,stadium-651,blank+fixation-cross,,Forgotten
P22,Retrieval,ret_04,1,lake-688,blank+fixation-cross,,Forgotten
P22,Retrieval,ret_05,1,alley-725,blank+fixation-cross,,Remembered
P22,Retrieval,ret_06,1,farm-762,blank+fixation-cross,,Remembered
P22,Retrieval,ret_07,1,beach-799,blank+fixation-cross,,Remembered
P22,Retrieval,ret_08,1,forest-836,blank+fixation-cross,,Forgotten
P22,Retrieval,ret_09,1,kitchen-873,blank+fixation-cross,,Remembered
P22,Retrieval,ret_10,1,street-010,blank+fixation-cross,,Remembered
P22,Retrieval,ret_11,1,garden-047,blank+fixation-cross,,Remembered
P22,Retrieval,ret_12,1,office-084,blank+fixation-cross,,Forgotten
P22,Retrieval,ret_13,1,dog-121,blank+fixation-cross,,Forgotten
P22,Retrieval,ret_14,1,bridge-158,blank+fixation-cross,,Forgotten
P22,Retrieval,ret_15,1,market-195,blank+fixation-cross,,Remembered
P22,Retrieval,ret_16,1,tower-232,blank+fixation-cross,,Remembered
P22,Retrieval,ret_17,1,harbor-269,blank+fixation-cross,,Remembered
P22,Retrieval,ret_18,1,library-306,blank+fixation-cross,,Remembered
P22,Retrieval,ret_19,1,desert-343,blank+fixation-cross,,Remembered
P22,Retrieval,ret_20,1,church-380,blank+fixation-cross,,Forgotten
P23,Encoding,enc_01,1,garden-047,image,garden-047.png,
P23,Encoding,enc_02,1,bridge-158,image,bridge-158.png,
P23,Encoding,enc_03,1,harbor-269,image,harbor-269.png,
P23,Encoding,enc_04,1,church-380,image,church-380.png,
P23,Encoding,enc_05,1,cafe-491,image,cafe-491.png,
P23,Encoding,enc_06,1,bakery-602,image,bakery-602.png,
P23,Encoding,enc_07,1,alley-713,image,alley-713.png,
P23,Encoding,enc_08,1,office-084,image,office-084.png,
P23,Encoding,enc_09,1,market-195,image,market-195.png,
P23,Encoding,enc_10,1,library-306,image,library-306.png,
P23,Encoding,enc_11,1,station-417,image,station-417.png,
P23,Encoding,enc_12,1,museum-528,image,museum-528.png,
P23,Encoding,enc_13,1,stadium-639,image,stadium-639.png,
P23,Encoding,enc_14,1,farm-750,image,farm-750.png,
P23,Encoding,enc_15,1,dog-121,image,dog-121.png,
P23,Encoding,enc_16,1,tower-232,image,tower-232.png,
P23,Encoding,enc_17,1,desert-343,image,desert-343.png,
P23,Encoding,enc_18,1,field-454,image,field-454.png,
P23,Encoding,enc_19,1,canyon-565,image,canyon-565.png,
P23,Encoding,enc_20,1,lake-676,image,lake-676.png,
P23,Retrieval,ret_01,1,garden-047,blank+fixation-cross,,Remembered
P23,Retrieval,ret_02,1,office-084,blank+fixation-cross,,Remembered
P23,Retrieval,ret_03,1,dog-121,blank+fixation-cross,,Remembered
P23,Retrieval,ret_04,1,bridge-158,blank+fixation-cross,,Remembered
P23,Retrieval,ret_05,1,market-195,blank+fixation-cross,,Forgotten
P23,Retrieval,ret_06,1,tower-232,blank+fixation-cross,,Remembered
P23,Retrieval,ret_07,1,harbor-269,blank+fixation-cross,,Forgotten
P23,Retrieval,ret_08,1,library-306,blank+fixation-cross,,Forgotten
P23,Retrieval,ret_09,1,desert-343,blank+fixation-cross,,Remembered
P23,Retrieval,ret_10,1,church-380,blank+fixation-cross,,Remembered
P23,Retrieval,ret_11,1,station-417,blank+fixation-cross,,Remembered
P23,Retrieval,ret_12,1,field-454,blank+fixation-cross,,Remembered
P23,Retrieval,ret_13,1,cafe-491,blank+fixation-cross,,Forgotten
P23,Retrieval,ret_14,1,museum-528,blank+fixation-cross,,Remembered
P23,Retrieval,ret_15,1,canyon-565,blank+fixation-cross,,Remembered
P23,Retrieval,ret_16,1,bakery-602,blank+fixation-cross,,Remembered
P23,Retrieval,ret_17,1,stadium-639,blank+fixation-cross,,Remembered
P23,Retrieval,ret_18,1,lake-676,blank+fixation-cross,,Remembered
P23,Retrieval,ret_19,1,alley-713,blank+fixation-cross,,Remembered
P23,Retrieval,ret_20,1,farm-750,blank+fixation-cross,,Forgotten
P24,Encoding,enc_01,1,station-417,image,station-417.png,
P24,Encoding,enc_02,1,museum-528,image,museum-528.png,
P24,Encoding,enc_03,1,stadium-639,image,stadium-639.png,
P24,Encoding,enc_04,1,farm-750,image,farm-750.png,
P24,Encoding,enc_05,1,kitchen-081,image,kitchen-081.png,
P24,Encoding,enc_06,1,office-192,image,office-192.png,
P24,Encoding,enc_07,1,market-303,image,market-303.png,
P24,Encoding,enc_08,1,field-454,image,field-454.png,
P24,Encoding,enc_09,1,canyon-565,image,canyon-565.png,
P24,Encoding,enc_10,1,lake-676,image,lake-676.png,
P24,Encoding,enc_11,1,beach-007,image,beach-007.png,
P24,Encoding,enc_12,1,street-118,image,street-118.png,
P24,Encoding,enc_13,1,dog-229,image,dog-229.png,
P24,Encoding,enc_14,1,tower-340,image,tower-340.png,
P24,Encoding,enc_15,1,cafe-491,image,cafe-491.png,
P24,Encoding,enc_16,1,bakery-602,image,bakery-602.png,
P24,Encoding,enc_17,1,alley-713,image,alley-713.png,
P24,Encoding,enc_18,1,forest-044,image,forest-044.png,
P24,Encoding,enc_19,1,garden-155,image,garden-155.png,
P24,Encoding,enc_20,1,bridge-266,image,bridge-266.png,
P24,Retrieval,ret_01,1,station-417,blank+fixation-cross,,Remembered
P24,Retrieval,ret_02,1,field-454,blank+fixation-cross,,Remembered
P24,Retrieval,ret_03,1,cafe-491,blank+fixation-cross,,Remembered
P24,Retrieval,ret_04,1,museum-528,blank+fixation-cross,,Remembered
P24,Retrieval,ret_05,1,canyon-565,blank+fixation-cross,,Remembered
P24,Retrieval,ret_06,1,bakery-602,blank+fixation-cross,,Remembered
P24,Retrieval,ret_07,1,stadium-639,blank+fixation-cross,,Forgotten
P24,Retrieval,ret_08,1,lake-676,blank+fixation-cross,,Forgotten
P24,Retrieval,ret_09,1,alley-713,blank+fixation-cross,,Remembered
P24,Retrieval,ret_10,1,farm-750,blank+fixation-cross,,Remembered
P24,Retrieval,ret_11,1,beach-007,blank+fixation-cross,,Remembered
P24,Retrieval,ret_12,1,forest-044,blank+fixation-cross,,Remembered
P24,Retrieval,ret_13,1,kitchen-081,blank+fixation-cross,,Forgotten
P24,Retrieval,ret_14,1,street-118,blank+fixation-cross,,Forgotten
P24,Retrieval,ret_15,1,garden-155,blank+fixation-cross,,Remembered
P24,Retrieval,ret_16,1,office-192,blank+fixation-cross,,Remembered
P24,Retrieval,ret_17,1,dog-229,blank+fixation-cross,,Remembered
P24,Retrieval,ret_18,1,bridge-266,blank+fixation-cross,,Forgotten
P24,Retrieval,ret_19,1,market-303,blank+fixation-cross,,Forgotten
P24,Retrieval,ret_20,1,tower-340,blank+fixation-cross,,Forgotten
